text,label
The company reported strong quarterly earnings.,positive
Market conditions remain uncertain and challenging.,negative
Sales increased by 15% compared to last year.,positive
The stock price dropped significantly today.,negative
Analysts maintain a neutral outlook on the sector.,neutral
Revenue growth exceeded expectations in Q4.,positive
The merger deal fell through unexpectedly.,negative
Economic indicators show stable growth trends.,neutral
CEO announced ambitious expansion plans for Asia.,positive
Investors expressed concerns about debt levels.,negative
The product launch was highly successful.,positive
Industry experts predict market consolidation.,neutral
Company faces regulatory investigations and fines.,negative
Strategic partnership will boost competitive position.,positive
Dividends will remain unchanged for the fiscal year.,neutral
